,tollgate_id,time_window,direction,volume
0,1,"[2016-10-18 09:40:00,2016-10-18 10:00:00)",0,45
1,1,"[2016-10-18 18:40:00,2016-10-18 19:00:00)",0,24
2,1,"[2016-10-19 09:40:00,2016-10-19 10:00:00)",0,48
3,1,"[2016-10-19 18:40:00,2016-10-19 19:00:00)",0,20
4,1,"[2016-10-20 09:40:00,2016-10-20 10:00:00)",0,46
5,1,"[2016-10-20 18:40:00,2016-10-20 19:00:00)",0,20
6,1,"[2016-10-21 09:40:00,2016-10-21 10:00:00)",0,53
7,1,"[2016-10-21 18:40:00,2016-10-21 19:00:00)",0,31
8,1,"[2016-10-22 09:40:00,2016-10-22 10:00:00)",0,41
9,1,"[2016-10-22 18:40:00,2016-10-22 19:00:00)",0,23
10,1,"[2016-10-23 09:40:00,2016-10-23 10:00:00)",0,40
11,1,"[2016-10-23 18:40:00,2016-10-23 19:00:00)",0,32
12,1,"[2016-10-24 09:40:00,2016-10-24 10:00:00)",0,46
13,1,"[2016-10-24 18:40:00,2016-10-24 19:00:00)",0,23
14,1,"[2016-10-18 09:40:00,2016-10-18 10:00:00)",1,110
15,1,"[2016-10-18 18:40:00,2016-10-18 19:00:00)",1,70
16,1,"[2016-10-19 09:40:00,2016-10-19 10:00:00)",1,104
17,1,"[2016-10-19 18:40:00,2016-10-19 19:00:00)",1,69
18,1,"[2016-10-20 09:40:00,2016-10-20 10:00:00)",1,108
19,1,"[2016-10-20 18:40:00,2016-10-20 19:00:00)",1,63
20,1,"[2016-10-21 09:40:00,2016-10-21 10:00:00)",1,104
21,1,"[2016-10-21 18:40:00,2016-10-21 19:00:00)",1,80
22,1,"[2016-10-22 09:40:00,2016-10-22 10:00:00)",1,97
23,1,"[2016-10-22 18:40:00,2016-10-22 19:00:00)",1,66
24,1,"[2016-10-23 09:40:00,2016-10-23 10:00:00)",1,100
25,1,"[2016-10-23 18:40:00,2016-10-23 19:00:00)",1,71
26,1,"[2016-10-24 09:40:00,2016-10-24 10:00:00)",1,123
27,1,"[2016-10-24 18:40:00,2016-10-24 19:00:00)",1,64
28,2,"[2016-10-18 09:40:00,2016-10-18 10:00:00)",0,78
29,2,"[2016-10-18 18:40:00,2016-10-18 19:00:00)",0,45
30,2,"[2016-10-19 09:40:00,2016-10-19 10:00:00)",0,82
31,2,"[2016-10-19 18:40:00,2016-10-19 19:00:00)",0,41
32,2,"[2016-10-20 09:40:00,2016-10-20 10:00:00)",0,74
33,2,"[2016-10-20 18:40:00,2016-10-20 19:00:00)",0,48
34,2,"[2016-10-21 09:40:00,2016-10-21 10:00:00)",0,84
35,2,"[2016-10-21 18:40:00,2016-10-21 19:00:00)",0,56
36,2,"[2016-10-22 09:40:00,2016-10-22 10:00:00)",0,76
37,2,"[2016-10-22 18:40:00,2016-10-22 19:00:00)",0,45
38,2,"[2016-10-23 09:40:00,2016-10-23 10:00:00)",0,69
39,2,"[2016-10-23 18:40:00,2016-10-23 19:00:00)",0,46
40,2,"[2016-10-24 09:40:00,2016-10-24 10:00:00)",0,81
41,2,"[2016-10-24 18:40:00,2016-10-24 19:00:00)",0,48
42,3,"[2016-10-18 09:40:00,2016-10-18 10:00:00)",0,127
43,3,"[2016-10-18 18:40:00,2016-10-18 19:00:00)",0,54
44,3,"[2016-10-19 09:40:00,2016-10-19 10:00:00)",0,124
45,3,"[2016-10-19 18:40:00,2016-10-19 19:00:00)",0,54
46,3,"[2016-10-20 09:40:00,2016-10-20 10:00:00)",0,112
47,3,"[2016-10-20 18:40:00,2016-10-20 19:00:00)",0,55
48,3,"[2016-10-21 09:40:00,2016-10-21 10:00:00)",0,136
49,3,"[2016-10-21 18:40:00,2016-10-21 19:00:00)",0,75
50,3,"[2016-10-22 09:40:00,2016-10-22 10:00:00)",0,109
51,3,"[2016-10-22 18:40:00,2016-10-22 19:00:00)",0,60
52,3,"[2016-10-23 09:40:00,2016-10-23 10:00:00)",0,105
53,3,"[2016-10-23 18:40:00,2016-10-23 19:00:00)",0,64
54,3,"[2016-10-24 09:40:00,2016-10-24 10:00:00)",0,131
55,3,"[2016-10-24 18:40:00,2016-10-24 19:00:00)",0,60
56,3,"[2016-10-18 09:40:00,2016-10-18 10:00:00)",1,84
57,3,"[2016-10-18 18:40:00,2016-10-18 19:00:00)",1,72
58,3,"[2016-10-19 09:40:00,2016-10-19 10:00:00)",1,93
59,3,"[2016-10-19 18:40:00,2016-10-19 19:00:00)",1,73
60,3,"[2016-10-20 09:40:00,2016-10-20 10:00:00)",1,98
61,3,"[2016-10-20 18:40:00,2016-10-20 19:00:00)",1,78
62,3,"[2016-10-21 09:40:00,2016-10-21 10:00:00)",1,97
63,3,"[2016-10-21 18:40:00,2016-10-21 19:00:00)",1,67
64,3,"[2016-10-22 09:40:00,2016-10-22 10:00:00)",1,98
65,3,"[2016-10-22 18:40:00,2016-10-22 19:00:00)",1,68
66,3,"[2016-10-23 09:40:00,2016-10-23 10:00:00)",1,98
67,3,"[2016-10-23 18:40:00,2016-10-23 19:00:00)",1,76
68,3,"[2016-10-24 09:40:00,2016-10-24 10:00:00)",1,106
69,3,"[2016-10-24 18:40:00,2016-10-24 19:00:00)",1,71
70,1,"[2016-10-18 08:00:00,2016-10-18 08:20:00)",0,44
71,1,"[2016-10-18 17:00:00,2016-10-18 17:20:00)",0,42
72,1,"[2016-10-19 08:00:00,2016-10-19 08:20:00)",0,42
73,1,"[2016-10-19 17:00:00,2016-10-19 17:20:00)",0,35
74,1,"[2016-10-20 08:00:00,2016-10-20 08:20:00)",0,41
75,1,"[2016-10-20 17:00:00,2016-10-20 17:20:00)",0,35
76,1,"[2016-10-21 08:00:00,2016-10-21 08:20:00)",0,45
77,1,"[2016-10-21 17:00:00,2016-10-21 17:20:00)",0,54
78,1,"[2016-10-22 08:00:00,2016-10-22 08:20:00)",0,35
79,1,"[2016-10-22 17:00:00,2016-10-22 17:20:00)",0,45
80,1,"[2016-10-23 08:00:00,2016-10-23 08:20:00)",0,34
81,1,"[2016-10-23 17:00:00,2016-10-23 17:20:00)",0,50
82,1,"[2016-10-24 08:00:00,2016-10-24 08:20:00)",0,48
83,1,"[2016-10-24 17:00:00,2016-10-24 17:20:00)",0,40
84,1,"[2016-10-18 08:00:00,2016-10-18 08:20:00)",1,111
85,1,"[2016-10-18 17:00:00,2016-10-18 17:20:00)",1,97
86,1,"[2016-10-19 08:00:00,2016-10-19 08:20:00)",1,106
87,1,"[2016-10-19 17:00:00,2016-10-19 17:20:00)",1,89
88,1,"[2016-10-20 08:00:00,2016-10-20 08:20:00)",1,105
89,1,"[2016-10-20 17:00:00,2016-10-20 17:20:00)",1,98
90,1,"[2016-10-21 08:00:00,2016-10-21 08:20:00)",1,101
91,1,"[2016-10-21 17:00:00,2016-10-21 17:20:00)",1,106
92,1,"[2016-10-22 08:00:00,2016-10-22 08:20:00)",1,70
93,1,"[2016-10-22 17:00:00,2016-10-22 17:20:00)",1,92
94,1,"[2016-10-23 08:00:00,2016-10-23 08:20:00)",1,68
95,1,"[2016-10-23 17:00:00,2016-10-23 17:20:00)",1,106
96,1,"[2016-10-24 08:00:00,2016-10-24 08:20:00)",1,121
97,1,"[2016-10-24 17:00:00,2016-10-24 17:20:00)",1,98
98,2,"[2016-10-18 08:00:00,2016-10-18 08:20:00)",0,111
99,2,"[2016-10-18 17:00:00,2016-10-18 17:20:00)",0,70
100,2,"[2016-10-19 08:00:00,2016-10-19 08:20:00)",0,113
101,2,"[2016-10-19 17:00:00,2016-10-19 17:20:00)",0,71
102,2,"[2016-10-20 08:00:00,2016-10-20 08:20:00)",0,109
103,2,"[2016-10-20 17:00:00,2016-10-20 17:20:00)",0,74
104,2,"[2016-10-21 08:00:00,2016-10-21 08:20:00)",0,101
105,2,"[2016-10-21 17:00:00,2016-10-21 17:20:00)",0,83
106,2,"[2016-10-22 08:00:00,2016-10-22 08:20:00)",0,68
107,2,"[2016-10-22 17:00:00,2016-10-22 17:20:00)",0,72
108,2,"[2016-10-23 08:00:00,2016-10-23 08:20:00)",0,43
109,2,"[2016-10-23 17:00:00,2016-10-23 17:20:00)",0,71
110,2,"[2016-10-24 08:00:00,2016-10-24 08:20:00)",0,129
111,2,"[2016-10-24 17:00:00,2016-10-24 17:20:00)",0,75
112,3,"[2016-10-18 08:00:00,2016-10-18 08:20:00)",0,152
113,3,"[2016-10-18 17:00:00,2016-10-18 17:20:00)",0,109
114,3,"[2016-10-19 08:00:00,2016-10-19 08:20:00)",0,147
115,3,"[2016-10-19 17:00:00,2016-10-19 17:20:00)",0,110
116,3,"[2016-10-20 08:00:00,2016-10-20 08:20:00)",0,140
117,3,"[2016-10-20 17:00:00,2016-10-20 17:20:00)",0,118
118,3,"[2016-10-21 08:00:00,2016-10-21 08:20:00)",0,147
119,3,"[2016-10-21 17:00:00,2016-10-21 17:20:00)",0,140
120,3,"[2016-10-22 08:00:00,2016-10-22 08:20:00)",0,95
121,3,"[2016-10-22 17:00:00,2016-10-22 17:20:00)",0,111
122,3,"[2016-10-23 08:00:00,2016-10-23 08:20:00)",0,86
123,3,"[2016-10-23 17:00:00,2016-10-23 17:20:00)",0,114
124,3,"[2016-10-24 08:00:00,2016-10-24 08:20:00)",0,165
125,3,"[2016-10-24 17:00:00,2016-10-24 17:20:00)",0,111
126,3,"[2016-10-18 08:00:00,2016-10-18 08:20:00)",1,110
127,3,"[2016-10-18 17:00:00,2016-10-18 17:20:00)",1,82
128,3,"[2016-10-19 08:00:00,2016-10-19 08:20:00)",1,110
129,3,"[2016-10-19 17:00:00,2016-10-19 17:20:00)",1,81
130,3,"[2016-10-20 08:00:00,2016-10-20 08:20:00)",1,107
131,3,"[2016-10-20 17:00:00,2016-10-20 17:20:00)",1,83
132,3,"[2016-10-21 08:00:00,2016-10-21 08:20:00)",1,103
133,3,"[2016-10-21 17:00:00,2016-10-21 17:20:00)",1,85
134,3,"[2016-10-22 08:00:00,2016-10-22 08:20:00)",1,75
135,3,"[2016-10-22 17:00:00,2016-10-22 17:20:00)",1,82
136,3,"[2016-10-23 08:00:00,2016-10-23 08:20:00)",1,74
137,3,"[2016-10-23 17:00:00,2016-10-23 17:20:00)",1,88
138,3,"[2016-10-24 08:00:00,2016-10-24 08:20:00)",1,122
139,3,"[2016-10-24 17:00:00,2016-10-24 17:20:00)",1,81
140,1,"[2016-10-18 08:20:00,2016-10-18 08:40:00)",0,49
141,1,"[2016-10-18 17:20:00,2016-10-18 17:40:00)",0,35
142,1,"[2016-10-19 08:20:00,2016-10-19 08:40:00)",0,48
143,1,"[2016-10-19 17:20:00,2016-10-19 17:40:00)",0,28
144,1,"[2016-10-20 08:20:00,2016-10-20 08:40:00)",0,45
145,1,"[2016-10-20 17:20:00,2016-10-20 17:40:00)",0,28
146,1,"[2016-10-21 08:20:00,2016-10-21 08:40:00)",0,49
147,1,"[2016-10-21 17:20:00,2016-10-21 17:40:00)",0,44
148,1,"[2016-10-22 08:20:00,2016-10-22 08:40:00)",0,41
149,1,"[2016-10-22 17:20:00,2016-10-22 17:40:00)",0,40
150,1,"[2016-10-23 08:20:00,2016-10-23 08:40:00)",0,38
151,1,"[2016-10-23 17:20:00,2016-10-23 17:40:00)",0,45
152,1,"[2016-10-24 08:20:00,2016-10-24 08:40:00)",0,52
153,1,"[2016-10-24 17:20:00,2016-10-24 17:40:00)",0,32
154,1,"[2016-10-18 08:20:00,2016-10-18 08:40:00)",1,109
155,1,"[2016-10-18 17:20:00,2016-10-18 17:40:00)",1,112
156,1,"[2016-10-19 08:20:00,2016-10-19 08:40:00)",1,106
157,1,"[2016-10-19 17:20:00,2016-10-19 17:40:00)",1,98
158,1,"[2016-10-20 08:20:00,2016-10-20 08:40:00)",1,108
159,1,"[2016-10-20 17:20:00,2016-10-20 17:40:00)",1,108
160,1,"[2016-10-21 08:20:00,2016-10-21 08:40:00)",1,104
161,1,"[2016-10-21 17:20:00,2016-10-21 17:40:00)",1,118
162,1,"[2016-10-22 08:20:00,2016-10-22 08:40:00)",1,87
163,1,"[2016-10-22 17:20:00,2016-10-22 17:40:00)",1,103
164,1,"[2016-10-23 08:20:00,2016-10-23 08:40:00)",1,82
165,1,"[2016-10-23 17:20:00,2016-10-23 17:40:00)",1,112
166,1,"[2016-10-24 08:20:00,2016-10-24 08:40:00)",1,118
167,1,"[2016-10-24 17:20:00,2016-10-24 17:40:00)",1,109
168,2,"[2016-10-18 08:20:00,2016-10-18 08:40:00)",0,109
169,2,"[2016-10-18 17:20:00,2016-10-18 17:40:00)",0,67
170,2,"[2016-10-19 08:20:00,2016-10-19 08:40:00)",0,112
171,2,"[2016-10-19 17:20:00,2016-10-19 17:40:00)",0,64
172,2,"[2016-10-20 08:20:00,2016-10-20 08:40:00)",0,113
173,2,"[2016-10-20 17:20:00,2016-10-20 17:40:00)",0,67
174,2,"[2016-10-21 08:20:00,2016-10-21 08:40:00)",0,97
175,2,"[2016-10-21 17:20:00,2016-10-21 17:40:00)",0,82
176,2,"[2016-10-22 08:20:00,2016-10-22 08:40:00)",0,78
177,2,"[2016-10-22 17:20:00,2016-10-22 17:40:00)",0,69
178,2,"[2016-10-23 08:20:00,2016-10-23 08:40:00)",0,45
179,2,"[2016-10-23 17:20:00,2016-10-23 17:40:00)",0,68
180,2,"[2016-10-24 08:20:00,2016-10-24 08:40:00)",0,125
181,2,"[2016-10-24 17:20:00,2016-10-24 17:40:00)",0,70
182,3,"[2016-10-18 08:20:00,2016-10-18 08:40:00)",0,158
183,3,"[2016-10-18 17:20:00,2016-10-18 17:40:00)",0,109
184,3,"[2016-10-19 08:20:00,2016-10-19 08:40:00)",0,149
185,3,"[2016-10-19 17:20:00,2016-10-19 17:40:00)",0,106
186,3,"[2016-10-20 08:20:00,2016-10-20 08:40:00)",0,134
187,3,"[2016-10-20 17:20:00,2016-10-20 17:40:00)",0,117
188,3,"[2016-10-21 08:20:00,2016-10-21 08:40:00)",0,153
189,3,"[2016-10-21 17:20:00,2016-10-21 17:40:00)",0,140
190,3,"[2016-10-22 08:20:00,2016-10-22 08:40:00)",0,105
191,3,"[2016-10-22 17:20:00,2016-10-22 17:40:00)",0,109
192,3,"[2016-10-23 08:20:00,2016-10-23 08:40:00)",0,97
193,3,"[2016-10-23 17:20:00,2016-10-23 17:40:00)",0,114
194,3,"[2016-10-24 08:20:00,2016-10-24 08:40:00)",0,171
195,3,"[2016-10-24 17:20:00,2016-10-24 17:40:00)",0,114
196,3,"[2016-10-18 08:20:00,2016-10-18 08:40:00)",1,116
197,3,"[2016-10-18 17:20:00,2016-10-18 17:40:00)",1,83
198,3,"[2016-10-19 08:20:00,2016-10-19 08:40:00)",1,120
199,3,"[2016-10-19 17:20:00,2016-10-19 17:40:00)",1,83
200,3,"[2016-10-20 08:20:00,2016-10-20 08:40:00)",1,116
201,3,"[2016-10-20 17:20:00,2016-10-20 17:40:00)",1,85
202,3,"[2016-10-21 08:20:00,2016-10-21 08:40:00)",1,108
203,3,"[2016-10-21 17:20:00,2016-10-21 17:40:00)",1,91
204,3,"[2016-10-22 08:20:00,2016-10-22 08:40:00)",1,85
205,3,"[2016-10-22 17:20:00,2016-10-22 17:40:00)",1,83
206,3,"[2016-10-23 08:20:00,2016-10-23 08:40:00)",1,83
207,3,"[2016-10-23 17:20:00,2016-10-23 17:40:00)",1,87
208,3,"[2016-10-24 08:20:00,2016-10-24 08:40:00)",1,131
209,3,"[2016-10-24 17:20:00,2016-10-24 17:40:00)",1,80
210,1,"[2016-10-18 08:40:00,2016-10-18 09:00:00)",0,45
211,1,"[2016-10-18 17:40:00,2016-10-18 18:00:00)",0,32
212,1,"[2016-10-19 08:40:00,2016-10-19 09:00:00)",0,46
213,1,"[2016-10-19 17:40:00,2016-10-19 18:00:00)",0,22
214,1,"[2016-10-20 08:40:00,2016-10-20 09:00:00)",0,45
215,1,"[2016-10-20 17:40:00,2016-10-20 18:00:00)",0,23
216,1,"[2016-10-21 08:40:00,2016-10-21 09:00:00)",0,47
217,1,"[2016-10-21 17:40:00,2016-10-21 18:00:00)",0,37
218,1,"[2016-10-22 08:40:00,2016-10-22 09:00:00)",0,40
219,1,"[2016-10-22 17:40:00,2016-10-22 18:00:00)",0,31
220,1,"[2016-10-23 08:40:00,2016-10-23 09:00:00)",0,36
221,1,"[2016-10-23 17:40:00,2016-10-23 18:00:00)",0,36
222,1,"[2016-10-24 08:40:00,2016-10-24 09:00:00)",0,48
223,1,"[2016-10-24 17:40:00,2016-10-24 18:00:00)",0,26
224,1,"[2016-10-18 08:40:00,2016-10-18 09:00:00)",1,109
225,1,"[2016-10-18 17:40:00,2016-10-18 18:00:00)",1,108
226,1,"[2016-10-19 08:40:00,2016-10-19 09:00:00)",1,108
227,1,"[2016-10-19 17:40:00,2016-10-19 18:00:00)",1,99
228,1,"[2016-10-20 08:40:00,2016-10-20 09:00:00)",1,107
229,1,"[2016-10-20 17:40:00,2016-10-20 18:00:00)",1,107
230,1,"[2016-10-21 08:40:00,2016-10-21 09:00:00)",1,106
231,1,"[2016-10-21 17:40:00,2016-10-21 18:00:00)",1,117
232,1,"[2016-10-22 08:40:00,2016-10-22 09:00:00)",1,89
233,1,"[2016-10-22 17:40:00,2016-10-22 18:00:00)",1,105
234,1,"[2016-10-23 08:40:00,2016-10-23 09:00:00)",1,85
235,1,"[2016-10-23 17:40:00,2016-10-23 18:00:00)",1,115
236,1,"[2016-10-24 08:40:00,2016-10-24 09:00:00)",1,116
237,1,"[2016-10-24 17:40:00,2016-10-24 18:00:00)",1,110
238,2,"[2016-10-18 08:40:00,2016-10-18 09:00:00)",0,108
239,2,"[2016-10-18 17:40:00,2016-10-18 18:00:00)",0,65
240,2,"[2016-10-19 08:40:00,2016-10-19 09:00:00)",0,115
241,2,"[2016-10-19 17:40:00,2016-10-19 18:00:00)",0,61
242,2,"[2016-10-20 08:40:00,2016-10-20 09:00:00)",0,108
243,2,"[2016-10-20 17:40:00,2016-10-20 18:00:00)",0,63
244,2,"[2016-10-21 08:40:00,2016-10-21 09:00:00)",0,97
245,2,"[2016-10-21 17:40:00,2016-10-21 18:00:00)",0,71
246,2,"[2016-10-22 08:40:00,2016-10-22 09:00:00)",0,80
247,2,"[2016-10-22 17:40:00,2016-10-22 18:00:00)",0,66
248,2,"[2016-10-23 08:40:00,2016-10-23 09:00:00)",0,62
249,2,"[2016-10-23 17:40:00,2016-10-23 18:00:00)",0,64
250,2,"[2016-10-24 08:40:00,2016-10-24 09:00:00)",0,118
251,2,"[2016-10-24 17:40:00,2016-10-24 18:00:00)",0,64
252,3,"[2016-10-18 08:40:00,2016-10-18 09:00:00)",0,160
253,3,"[2016-10-18 17:40:00,2016-10-18 18:00:00)",0,96
254,3,"[2016-10-19 08:40:00,2016-10-19 09:00:00)",0,146
255,3,"[2016-10-19 17:40:00,2016-10-19 18:00:00)",0,92
256,3,"[2016-10-20 08:40:00,2016-10-20 09:00:00)",0,138
257,3,"[2016-10-20 17:40:00,2016-10-20 18:00:00)",0,98
258,3,"[2016-10-21 08:40:00,2016-10-21 09:00:00)",0,153
259,3,"[2016-10-21 17:40:00,2016-10-21 18:00:00)",0,121
260,3,"[2016-10-22 08:40:00,2016-10-22 09:00:00)",0,105
261,3,"[2016-10-22 17:40:00,2016-10-22 18:00:00)",0,96
262,3,"[2016-10-23 08:40:00,2016-10-23 09:00:00)",0,96
263,3,"[2016-10-23 17:40:00,2016-10-23 18:00:00)",0,99
264,3,"[2016-10-24 08:40:00,2016-10-24 09:00:00)",0,162
265,3,"[2016-10-24 17:40:00,2016-10-24 18:00:00)",0,100
266,3,"[2016-10-18 08:40:00,2016-10-18 09:00:00)",1,126
267,3,"[2016-10-18 17:40:00,2016-10-18 18:00:00)",1,86
268,3,"[2016-10-19 08:40:00,2016-10-19 09:00:00)",1,126
269,3,"[2016-10-19 17:40:00,2016-10-19 18:00:00)",1,85
270,3,"[2016-10-20 08:40:00,2016-10-20 09:00:00)",1,122
271,3,"[2016-10-20 17:40:00,2016-10-20 18:00:00)",1,89
272,3,"[2016-10-21 08:40:00,2016-10-21 09:00:00)",1,122
273,3,"[2016-10-21 17:40:00,2016-10-21 18:00:00)",1,94
274,3,"[2016-10-22 08:40:00,2016-10-22 09:00:00)",1,92
275,3,"[2016-10-22 17:40:00,2016-10-22 18:00:00)",1,88
276,3,"[2016-10-23 08:40:00,2016-10-23 09:00:00)",1,94
277,3,"[2016-10-23 17:40:00,2016-10-23 18:00:00)",1,91
278,3,"[2016-10-24 08:40:00,2016-10-24 09:00:00)",1,151
279,3,"[2016-10-24 17:40:00,2016-10-24 18:00:00)",1,85
280,1,"[2016-10-18 09:00:00,2016-10-18 09:20:00)",0,46
281,1,"[2016-10-18 18:00:00,2016-10-18 18:20:00)",0,26
282,1,"[2016-10-19 09:00:00,2016-10-19 09:20:00)",0,46
283,1,"[2016-10-19 18:00:00,2016-10-19 18:20:00)",0,23
284,1,"[2016-10-20 09:00:00,2016-10-20 09:20:00)",0,43
285,1,"[2016-10-20 18:00:00,2016-10-20 18:20:00)",0,22
286,1,"[2016-10-21 09:00:00,2016-10-21 09:20:00)",0,48
287,1,"[2016-10-21 18:00:00,2016-10-21 18:20:00)",0,34
288,1,"[2016-10-22 09:00:00,2016-10-22 09:20:00)",0,38
289,1,"[2016-10-22 18:00:00,2016-10-22 18:20:00)",0,27
290,1,"[2016-10-23 09:00:00,2016-10-23 09:20:00)",0,38
291,1,"[2016-10-23 18:00:00,2016-10-23 18:20:00)",0,32
292,1,"[2016-10-24 09:00:00,2016-10-24 09:20:00)",0,48
293,1,"[2016-10-24 18:00:00,2016-10-24 18:20:00)",0,23
294,1,"[2016-10-18 09:00:00,2016-10-18 09:20:00)",1,117
295,1,"[2016-10-18 18:00:00,2016-10-18 18:20:00)",1,70
296,1,"[2016-10-19 09:00:00,2016-10-19 09:20:00)",1,108
297,1,"[2016-10-19 18:00:00,2016-10-19 18:20:00)",1,64
298,1,"[2016-10-20 09:00:00,2016-10-20 09:20:00)",1,110
299,1,"[2016-10-20 18:00:00,2016-10-20 18:20:00)",1,66
300,1,"[2016-10-21 09:00:00,2016-10-21 09:20:00)",1,113
301,1,"[2016-10-21 18:00:00,2016-10-21 18:20:00)",1,75
302,1,"[2016-10-22 09:00:00,2016-10-22 09:20:00)",1,92
303,1,"[2016-10-22 18:00:00,2016-10-22 18:20:00)",1,69
304,1,"[2016-10-23 09:00:00,2016-10-23 09:20:00)",1,89
305,1,"[2016-10-23 18:00:00,2016-10-23 18:20:00)",1,68
306,1,"[2016-10-24 09:00:00,2016-10-24 09:20:00)",1,128
307,1,"[2016-10-24 18:00:00,2016-10-24 18:20:00)",1,67
308,2,"[2016-10-18 09:00:00,2016-10-18 09:20:00)",0,97
309,2,"[2016-10-18 18:00:00,2016-10-18 18:20:00)",0,50
310,2,"[2016-10-19 09:00:00,2016-10-19 09:20:00)",0,102
311,2,"[2016-10-19 18:00:00,2016-10-19 18:20:00)",0,51
312,2,"[2016-10-20 09:00:00,2016-10-20 09:20:00)",0,103
313,2,"[2016-10-20 18:00:00,2016-10-20 18:20:00)",0,57
314,2,"[2016-10-21 09:00:00,2016-10-21 09:20:00)",0,95
315,2,"[2016-10-21 18:00:00,2016-10-21 18:20:00)",0,65
316,2,"[2016-10-22 09:00:00,2016-10-22 09:20:00)",0,82
317,2,"[2016-10-22 18:00:00,2016-10-22 18:20:00)",0,54
318,2,"[2016-10-23 09:00:00,2016-10-23 09:20:00)",0,66
319,2,"[2016-10-23 18:00:00,2016-10-23 18:20:00)",0,52
320,2,"[2016-10-24 09:00:00,2016-10-24 09:20:00)",0,116
321,2,"[2016-10-24 18:00:00,2016-10-24 18:20:00)",0,57
322,3,"[2016-10-18 09:00:00,2016-10-18 09:20:00)",0,147
323,3,"[2016-10-18 18:00:00,2016-10-18 18:20:00)",0,83
324,3,"[2016-10-19 09:00:00,2016-10-19 09:20:00)",0,147
325,3,"[2016-10-19 18:00:00,2016-10-19 18:20:00)",0,79
326,3,"[2016-10-20 09:00:00,2016-10-20 09:20:00)",0,134
327,3,"[2016-10-20 18:00:00,2016-10-20 18:20:00)",0,84
328,3,"[2016-10-21 09:00:00,2016-10-21 09:20:00)",0,150
329,3,"[2016-10-21 18:00:00,2016-10-21 18:20:00)",0,108
330,3,"[2016-10-22 09:00:00,2016-10-22 09:20:00)",0,107
331,3,"[2016-10-22 18:00:00,2016-10-22 18:20:00)",0,79
332,3,"[2016-10-23 09:00:00,2016-10-23 09:20:00)",0,93
333,3,"[2016-10-23 18:00:00,2016-10-23 18:20:00)",0,85
334,3,"[2016-10-24 09:00:00,2016-10-24 09:20:00)",0,145
335,3,"[2016-10-24 18:00:00,2016-10-24 18:20:00)",0,86
336,3,"[2016-10-18 09:00:00,2016-10-18 09:20:00)",1,117
337,3,"[2016-10-18 18:00:00,2016-10-18 18:20:00)",1,73
338,3,"[2016-10-19 09:00:00,2016-10-19 09:20:00)",1,114
339,3,"[2016-10-19 18:00:00,2016-10-19 18:20:00)",1,74
340,3,"[2016-10-20 09:00:00,2016-10-20 09:20:00)",1,115
341,3,"[2016-10-20 18:00:00,2016-10-20 18:20:00)",1,71
342,3,"[2016-10-21 09:00:00,2016-10-21 09:20:00)",1,112
343,3,"[2016-10-21 18:00:00,2016-10-21 18:20:00)",1,77
344,3,"[2016-10-22 09:00:00,2016-10-22 09:20:00)",1,88
345,3,"[2016-10-22 18:00:00,2016-10-22 18:20:00)",1,70
346,3,"[2016-10-23 09:00:00,2016-10-23 09:20:00)",1,88
347,3,"[2016-10-23 18:00:00,2016-10-23 18:20:00)",1,75
348,3,"[2016-10-24 09:00:00,2016-10-24 09:20:00)",1,137
349,3,"[2016-10-24 18:00:00,2016-10-24 18:20:00)",1,67
350,1,"[2016-10-18 09:20:00,2016-10-18 09:40:00)",0,49
351,1,"[2016-10-18 18:20:00,2016-10-18 18:40:00)",0,26
352,1,"[2016-10-19 09:20:00,2016-10-19 09:40:00)",0,47
353,1,"[2016-10-19 18:20:00,2016-10-19 18:40:00)",0,24
354,1,"[2016-10-20 09:20:00,2016-10-20 09:40:00)",0,44
355,1,"[2016-10-20 18:20:00,2016-10-20 18:40:00)",0,23
356,1,"[2016-10-21 09:20:00,2016-10-21 09:40:00)",0,49
357,1,"[2016-10-21 18:20:00,2016-10-21 18:40:00)",0,32
358,1,"[2016-10-22 09:20:00,2016-10-22 09:40:00)",0,41
359,1,"[2016-10-22 18:20:00,2016-10-22 18:40:00)",0,26
360,1,"[2016-10-23 09:20:00,2016-10-23 09:40:00)",0,40
361,1,"[2016-10-23 18:20:00,2016-10-23 18:40:00)",0,34
362,1,"[2016-10-24 09:20:00,2016-10-24 09:40:00)",0,49
363,1,"[2016-10-24 18:20:00,2016-10-24 18:40:00)",0,22
364,1,"[2016-10-18 09:20:00,2016-10-18 09:40:00)",1,108
365,1,"[2016-10-18 18:20:00,2016-10-18 18:40:00)",1,73
366,1,"[2016-10-19 09:20:00,2016-10-19 09:40:00)",1,105
367,1,"[2016-10-19 18:20:00,2016-10-19 18:40:00)",1,69
368,1,"[2016-10-20 09:20:00,2016-10-20 09:40:00)",1,104
369,1,"[2016-10-20 18:20:00,2016-10-20 18:40:00)",1,73
370,1,"[2016-10-21 09:20:00,2016-10-21 09:40:00)",1,106
371,1,"[2016-10-21 18:20:00,2016-10-21 18:40:00)",1,74
372,1,"[2016-10-22 09:20:00,2016-10-22 09:40:00)",1,91
373,1,"[2016-10-22 18:20:00,2016-10-22 18:40:00)",1,71
374,1,"[2016-10-23 09:20:00,2016-10-23 09:40:00)",1,92
375,1,"[2016-10-23 18:20:00,2016-10-23 18:40:00)",1,77
376,1,"[2016-10-24 09:20:00,2016-10-24 09:40:00)",1,124
377,1,"[2016-10-24 18:20:00,2016-10-24 18:40:00)",1,71
378,2,"[2016-10-18 09:20:00,2016-10-18 09:40:00)",0,91
379,2,"[2016-10-18 18:20:00,2016-10-18 18:40:00)",0,52
380,2,"[2016-10-19 09:20:00,2016-10-19 09:40:00)",0,98
381,2,"[2016-10-19 18:20:00,2016-10-19 18:40:00)",0,46
382,2,"[2016-10-20 09:20:00,2016-10-20 09:40:00)",0,93
383,2,"[2016-10-20 18:20:00,2016-10-20 18:40:00)",0,54
384,2,"[2016-10-21 09:20:00,2016-10-21 09:40:00)",0,94
385,2,"[2016-10-21 18:20:00,2016-10-21 18:40:00)",0,60
386,2,"[2016-10-22 09:20:00,2016-10-22 09:40:00)",0,92
387,2,"[2016-10-22 18:20:00,2016-10-22 18:40:00)",0,48
388,2,"[2016-10-23 09:20:00,2016-10-23 09:40:00)",0,71
389,2,"[2016-10-23 18:20:00,2016-10-23 18:40:00)",0,51
390,2,"[2016-10-24 09:20:00,2016-10-24 09:40:00)",0,110
391,2,"[2016-10-24 18:20:00,2016-10-24 18:40:00)",0,55
392,3,"[2016-10-18 09:20:00,2016-10-18 09:40:00)",0,129
393,3,"[2016-10-18 18:20:00,2016-10-18 18:40:00)",0,70
394,3,"[2016-10-19 09:20:00,2016-10-19 09:40:00)",0,134
395,3,"[2016-10-19 18:20:00,2016-10-19 18:40:00)",0,66
396,3,"[2016-10-20 09:20:00,2016-10-20 09:40:00)",0,119
397,3,"[2016-10-20 18:20:00,2016-10-20 18:40:00)",0,79
398,3,"[2016-10-21 09:20:00,2016-10-21 09:40:00)",0,138
399,3,"[2016-10-21 18:20:00,2016-10-21 18:40:00)",0,85
400,3,"[2016-10-22 09:20:00,2016-10-22 09:40:00)",0,102
401,3,"[2016-10-22 18:20:00,2016-10-22 18:40:00)",0,73
402,3,"[2016-10-23 09:20:00,2016-10-23 09:40:00)",0,90
403,3,"[2016-10-23 18:20:00,2016-10-23 18:40:00)",0,76
404,3,"[2016-10-24 09:20:00,2016-10-24 09:40:00)",0,139
405,3,"[2016-10-24 18:20:00,2016-10-24 18:40:00)",0,73
406,3,"[2016-10-18 09:20:00,2016-10-18 09:40:00)",1,112
407,3,"[2016-10-18 18:20:00,2016-10-18 18:40:00)",1,67
408,3,"[2016-10-19 09:20:00,2016-10-19 09:40:00)",1,114
409,3,"[2016-10-19 18:20:00,2016-10-19 18:40:00)",1,67
410,3,"[2016-10-20 09:20:00,2016-10-20 09:40:00)",1,112
411,3,"[2016-10-20 18:20:00,2016-10-20 18:40:00)",1,67
412,3,"[2016-10-21 09:20:00,2016-10-21 09:40:00)",1,108
413,3,"[2016-10-21 18:20:00,2016-10-21 18:40:00)",1,70
414,3,"[2016-10-22 09:20:00,2016-10-22 09:40:00)",1,96
415,3,"[2016-10-22 18:20:00,2016-10-22 18:40:00)",1,66
416,3,"[2016-10-23 09:20:00,2016-10-23 09:40:00)",1,91
417,3,"[2016-10-23 18:20:00,2016-10-23 18:40:00)",1,75
418,3,"[2016-10-24 09:20:00,2016-10-24 09:40:00)",1,132
419,3,"[2016-10-24 18:20:00,2016-10-24 18:40:00)",1,65
